{
    "qcut": {
        "validation": {
            "36f onehot-encoded quantile discretized": {
                "fpr": [
                    0.0,
                    0.0547945205479452,
                    1.0
                ],
                "tpr": [
                    0.0,
                    0.3225806451612903,
                    1.0
                ],
                "roc": 0.6338930623066725
            },
            "20f onehot-encoded quantile discretized": {
                "fpr": [
                    0.0,
                    0.0821917808219178,
                    1.0
                ],
                "tpr": [
                    0.0,
                    0.4838709677419355,
                    1.0
                ],
                "roc": 0.7008395934600088
            },
            "24f numerical-encoded quantile discretized": {
                "fpr": [
                    0.0,
                    0.006825938566552901,
                    1.0
                ],
                "tpr": [
                    0.0,
                    0.21311475409836064,
                    1.0
                ],
                "roc": 0.6031444077659038
            },
            "15f numerical-encoded quantile discretized": {
                "fpr": [
                    0.0,
                    0.136986301369863,
                    1.0
                ],
                "tpr": [
                    0.0,
                    0.4838709677419355,
                    1.0
                ],
                "roc": 0.6734423331860362
            }
        },
        "test": {
            "36f onehot-encoded quantile discretized": {
                "fpr": [
                    0.0,
                    0.032432432432432434,
                    1.0
                ],
                "tpr": [
                    0.0,
                    0.23529411764705882,
                    1.0
                ],
                "roc": 0.6014308426073133
            },
            "20f onehot-encoded quantile discretized": {
                "fpr": [
                    0.0,
                    0.05945945945945946,
                    1.0
                ],
                "tpr": [
                    0.0,
                    0.35294117647058826,
                    1.0
                ],
                "roc": 0.6467408585055644
            },
            "24f numerical-encoded quantile discretized": {
                "fpr": [
                    0.0,
                    0.043243243243243246,
                    1.0
                ],
                "tpr": [
                    0.0,
                    0.29411764705882354,
                    1.0
                ],
                "roc": 0.6254372019077902
            },
            "15f numerical-encoded quantile discretized": {
                "fpr": [
                    0.0,
                    0.05405405405405406,
                    1.0
                ],
                "tpr": [
                    0.0,
                    0.29411764705882354,
                    1.0
                ],
                "roc": 0.6200317965023848
            }
        }
    },
    "kmeans": {
        "validation": {
            "36f onehot-encoded kmeans discretized": {
                "fpr": [
                    0.0,
                    0.04778156996587031,
                    1.0
                ],
                "tpr": [
                    0.0,
                    0.26229508196721313,
                    1.0
                ],
                "roc": 0.6072567560006714
            },
            "20f onehot-encoded kmeans discretized": {
                "fpr": [
                    0.0,
                    0.08904109589041095,
                    1.0
                ],
                "tpr": [
                    0.0,
                    0.3870967741935484,
                    1.0
                ],
                "roc": 0.6490278391515687
            },
            "24f numerical-encoded kmeans discretized": {
                "fpr": [
                    0.0,
                    0.1050228310502283,
                    1.0
                ],
                "tpr": [
                    0.0,
                    0.34782608695652173,
                    1.0
                ],
                "roc": 0.6214016279531467
            },
            "15f numerical-encoded kmeans discretized": {
                "fpr": [
                    0.0,
                    0.13013698630136986,
                    1.0
                ],
                "tpr": [
                    0.0,
                    0.41935483870967744,
                    1.0
                ],
                "roc": 0.6446089262041539
            }
        },
        "test": {
            "36f onehot-encoded kmeans discretized": {
                "fpr": [
                    0.0,
                    0.0972972972972973,
                    1.0
                ],
                "tpr": [
                    0.0,
                    0.2647058823529412,
                    1.0
                ],
                "roc": 0.583704292527822
            },
            "20f onehot-encoded kmeans discretized": {
                "fpr": [
                    0.0,
                    0.08108108108108109,
                    1.0
                ],
                "tpr": [
                    0.0,
                    0.2647058823529412,
                    1.0
                ],
                "roc": 0.59181240063593
            },
            "24f numerical-encoded kmeans discretized": {
                "fpr": [
                    0.0,
                    0.12432432432432433,
                    1.0
                ],
                "tpr": [
                    0.0,
                    0.29411764705882354,
                    1.0
                ],
                "roc": 0.5848966613672496
            },
            "15f numerical-encoded kmeans discretized": {
                "fpr": [
                    0.0,
                    0.06486486486486487,
                    1.0
                ],
                "tpr": [
                    0.0,
                    0.3235294117647059,
                    1.0
                ],
                "roc": 0.6293322734499205
            }
        }
    },
    "no_discr": {
        "validation": {
            "36f onehot-encoded no discretized": {
                "fpr": [
                    0.0,
                    0.04794520547945205,
                    1.0
                ],
                "tpr": [
                    0.0,
                    0.2903225806451613,
                    1.0
                ],
                "roc": 0.6211886875828546
            },
            "20f onehot-encoded no discretized": {
                "fpr": [
                    0.0,
                    0.0821917808219178,
                    1.0
                ],
                "tpr": [
                    0.0,
                    0.45161290322580644,
                    1.0
                ],
                "roc": 0.6847105612019444
            },
            "24f numerical-encoded no discretized": {
                "fpr": [
                    0.0,
                    0.1324200913242009,
                    1.0
                ],
                "tpr": [
                    0.0,
                    0.34782608695652173,
                    1.0
                ],
                "roc": 0.6077029978161604
            },
            "15f numerical-encoded no discretized": {
                "fpr": [
                    0.0,
                    0.1278538812785388,
                    1.0
                ],
                "tpr": [
                    0.0,
                    0.43478260869565216,
                    1.0
                ],
                "roc": 0.6534643637085567
            }
        },